{"proxies":{"ti.pagetransform.StackProxy":{"superPackageName":"org.appcelerator.titanium.proxy","superProxyBindingClassName":"org.appcelerator.titanium.proxy.TiViewProxyBindingGen","proxyClassName":"StackProxy","proxyAttrs":{"propertyAccessors":[],"fullAPIName":"TiPagetransform.Stack","name":"Stack","proxyClassName":"ti.pagetransform.StackProxy","isTopLevel":false,"id":"ti.pagetransform.StackProxy","creatableInModule":"ti.pagetransform.TiPagetransformModule","parentModule":"org.appcelerator.kroll.annotations.Kroll.DEFAULT"},"packageName":"ti.pagetransform","sourceName":"ti.pagetransform.StackProxyBindingGen","isTitaniumSdk":false,"superProxyClassName":"TiViewProxy","isModule":false,"genClassName":"StackProxyBindingGen"},"ti.pagetransform.ScrollableViewProxy":{"superPackageName":"ti.modules.titanium.ui","superProxyBindingClassName":"ti.modules.titanium.ui.ScrollableViewProxyBindingGen","proxyClassName":"ScrollableViewProxy","proxyAttrs":{"propertyAccessors":[],"fullAPIName":"TiPagetransform.ScrollableView","name":"ScrollableView","proxyClassName":"ti.pagetransform.ScrollableViewProxy","isTopLevel":false,"id":"ti.pagetransform.ScrollableViewProxy","creatableInModule":"ti.pagetransform.TiPagetransformModule","parentModule":"org.appcelerator.kroll.annotations.Kroll.DEFAULT"},"packageName":"ti.pagetransform","sourceName":"ti.pagetransform.ScrollableViewProxyBindingGen","isTitaniumSdk":false,"superProxyClassName":"ScrollableViewProxy","isModule":false,"genClassName":"ScrollableViewProxyBindingGen"},"ti.pagetransform.TiPagetransformModule":{"superPackageName":"org.appcelerator.kroll","methods":{"example":{"runOnUiThread":false,"hasInvocation":false,"args":[],"apiName":"example","converter":"org.appcelerator.kroll.KrollConverter","defaultValueProvider":"org.appcelerator.kroll.KrollConverter","name":"__default_name__","returnType":"java.lang.String"}},"dynamicProperties":{"exampleProp":{"set":true,"nativeConverter":"org.appcelerator.kroll.KrollConverter","getMethodName":"getExampleProp","setMethodName":"setExampleProp","setMethodArgs":[{"converter":"org.appcelerator.kroll.KrollConverter","defaultValueProvider":"org.appcelerator.kroll.KrollConverter","name":"value","sourceName":"value","type":"java.lang.String"}],"setDefaultProviders":["org.appcelerator.kroll.KrollConverter"],"converter":"org.appcelerator.kroll.KrollConverter","defaultValueProvider":"org.appcelerator.kroll.KrollConverter","retain":true,"javascriptConverter":"org.appcelerator.kroll.KrollConverter","getHasInvocation":false,"runOnUiThread":false,"getMethodArgs":[],"getReturnType":"java.lang.String","setReturnType":"void","get":true,"name":"exampleProp","setHasInvocation":false,"getDefaultProviders":[]}},"superProxyClassName":"KrollModule","isModule":true,"genClassName":"TiPagetransformModuleBindingGen","superProxyBindingClassName":"org.appcelerator.kroll.KrollModuleBindingGen","proxyClassName":"TiPagetransformModule","proxyAttrs":{"propertyAccessors":[],"fullAPIName":"TiPagetransform","name":"TiPagetransform","proxyClassName":"ti.pagetransform.TiPagetransformModule","isTopLevel":false,"id":"ti.pagetransform"},"packageName":"ti.pagetransform","sourceName":"ti.pagetransform.TiPagetransformModuleBindingGen","isTitaniumSdk":false,"onAppCreate":"onAppCreate"}},"modules":{"ti.pagetransform.TiPagetransformModule":{"apiName":"TiPagetransform","createProxies":[{"propertyAccessors":[],"fullAPIName":"TiPagetransform.ScrollableView","name":"ScrollableView","proxyClassName":"ti.pagetransform.ScrollableViewProxy","isTopLevel":false,"id":"ti.pagetransform.ScrollableViewProxy","creatableInModule":"ti.pagetransform.TiPagetransformModule","parentModule":"org.appcelerator.kroll.annotations.Kroll.DEFAULT"},{"propertyAccessors":[],"fullAPIName":"TiPagetransform.Stack","name":"Stack","proxyClassName":"ti.pagetransform.StackProxy","isTopLevel":false,"id":"ti.pagetransform.StackProxy","creatableInModule":"ti.pagetransform.TiPagetransformModule","parentModule":"org.appcelerator.kroll.annotations.Kroll.DEFAULT"}]}}}